PIT,BENCH,PRIORITY,TOTAL,WASTE,ORE ,GRADE1 ,GRADE2 ,GRADE3 ,GRADE4 ,FLAG1 ,FLAG2 ,FLAG3 ,FLAG4
 1 ,  576 ,  1000 ,  0.078944 ,  0.07609 ,  0.002854 ,  56 ,  7.67 ,  1.97 ,  44 ,  1 ,  0 ,  1 ,  0 
 1 ,  564 ,  1000 ,  0.047622 ,  0.03467 ,  0.012952 ,  59.4 ,  5.52 ,  1.93 ,  40.6 ,  1 ,  0 ,  1 ,  0 
 1 ,  552 ,  1000 ,  0.045763 ,  0.008751 ,  0.037012 ,  60.5 ,  4.71 ,  2.22 ,  39.5 ,  1 ,  0 ,  1 ,  0 
 1 ,  540 ,  1000 ,  0.011906 ,  0.010848 ,  0.001058 ,  59.81 ,  4.74 ,  1.69 ,  40.19 ,  1 ,  0 ,  1 ,  0 
 1 ,  528 ,  1000 ,  0.074544 ,  0.074393 ,  0.000151 ,  57.23 ,  5.47 ,  2.48 ,  42.77 ,  1 ,  0 ,  1 ,  0 
 2 ,  564 ,  13.4319834023181 ,  0.677444 ,  0.51915 ,  0.158294 ,  57.48 ,  6.92 ,  2.04 ,  42.52 ,  0 ,  1 ,  1 ,  0 
 2 ,  552 ,  17.3843291115788 ,  1.446476 ,  1.01892 ,  0.427556 ,  58.81 ,  5.79 ,  2.3 ,  41.19 ,  0 ,  1 ,  1 ,  0 
 2 ,  540 ,  20.2702832922079 ,  2.640295 ,  1.728438 ,  0.911857 ,  58.69 ,  5.62 ,  2.21 ,  41.31 ,  0 ,  1 ,  1 ,  0 
 2 ,  528 ,  15.2559645261757 ,  4.565479 ,  3.380818 ,  1.184661 ,  58.79 ,  5.25 ,  2.18 ,  41.21 ,  0 ,  1 ,  1 ,  0 
 2 ,  516 ,  9.76122818806858 ,  7.921536 ,  6.616184 ,  1.305352 ,  59.23 ,  4.89 ,  2.07 ,  40.77 ,  0 ,  1 ,  1 ,  0 
 2 ,  504 ,  8.58728091253251 ,  9.127083 ,  7.80665 ,  1.320433 ,  59.35 ,  4.73 ,  2.18 ,  40.65 ,  0 ,  1 ,  1 ,  0 
 2 ,  492 ,  9.62228730324511 ,  8.363515 ,  7.004721 ,  1.358794 ,  59.22 ,  4.57 ,  2.04 ,  40.78 ,  0 ,  1 ,  1 ,  0 
 2 ,  480 ,  10.4064810336806 ,  7.621774 ,  6.285719 ,  1.336055 ,  59.36 ,  4.25 ,  1.97 ,  40.64 ,  0 ,  1 ,  1 ,  0 
 2 ,  468 ,  10.4910865427499 ,  6.912653 ,  5.69331 ,  1.219343 ,  59.47 ,  4.02 ,  1.91 ,  40.53 ,  0 ,  1 ,  1 ,  0 
 2 ,  456 ,  11.0838334535604 ,  6.228491 ,  5.069892 ,  1.158599 ,  59.58 ,  3.85 ,  1.82 ,  40.42 ,  0 ,  1 ,  1 ,  0 
 2 ,  444 ,  11.1083639836742 ,  5.639176 ,  4.57574 ,  1.063436 ,  58.9 ,  4.64 ,  1.83 ,  41.1 ,  0 ,  1 ,  1 ,  0 
 2 ,  432 ,  10.7008906725422 ,  5.05143 ,  4.135643 ,  0.915787 ,  59.02 ,  4.57 ,  1.82 ,  40.98 ,  0 ,  1 ,  1 ,  0 
 2 ,  420 ,  11.5500307722521 ,  4.475883 ,  3.601228 ,  0.874655 ,  59.1 ,  4.66 ,  1.8 ,  40.9 ,  0 ,  1 ,  1 ,  0 
 2 ,  408 ,  11.9483427825123 ,  3.906865 ,  3.122647 ,  0.784218 ,  59.52 ,  4.55 ,  1.73 ,  40.48 ,  0 ,  1 ,  1 ,  0 
 2 ,  396 ,  15.78458050381 ,  3.401957 ,  2.495099 ,  0.906858 ,  59.21 ,  5.22 ,  1.57 ,  40.79 ,  0 ,  1 ,  1 ,  0 
 2 ,  384 ,  16.7363548218537 ,  2.951002 ,  2.121681 ,  0.829321 ,  59.55 ,  5.13 ,  1.49 ,  40.45 ,  0 ,  1 ,  1 ,  0 
 2 ,  372 ,  16.8817865073191 ,  2.533581 ,  1.817305 ,  0.716276 ,  59.71 ,  4.91 ,  1.35 ,  40.29 ,  0 ,  1 ,  1 ,  0 
 2 ,  360 ,  19.360397329409 ,  2.167685 ,  1.463573 ,  0.704112 ,  59.6 ,  5.01 ,  1.27 ,  40.4 ,  0 ,  1 ,  1 ,  0 
 2 ,  348 ,  21.5177446230603 ,  1.764619 ,  1.128305 ,  0.636314 ,  59.67 ,  5.25 ,  1.22 ,  40.33 ,  0 ,  1 ,  1 ,  0 
 2 ,  336 ,  27.5807528623458 ,  1.322866 ,  0.711021 ,  0.611845 ,  59.63 ,  5.69 ,  1.19 ,  40.37 ,  0 ,  1 ,  1 ,  0 
 2 ,  324 ,  26.6465810614906 ,  0.992623 ,  0.548922 ,  0.443701 ,  59.61 ,  5.58 ,  1.29 ,  40.39 ,  0 ,  1 ,  1 ,  0 
 2 ,  312 ,  21.5110162950739 ,  0.676278 ,  0.432205 ,  0.244073 ,  59.6 ,  5.64 ,  1.24 ,  40.4 ,  0 ,  1 ,  1 ,  0 
 2 ,  300 ,  20.5780373577122 ,  0.314152 ,  0.204364 ,  0.109788 ,  58.88 ,  6.61 ,  1.22 ,  41.12 ,  0 ,  1 ,  1 ,  0 
 3 ,  528 ,  0.163011563421294 ,  0.881573 ,  0.878994 ,  0.002579 ,  55.38 ,  7.06 ,  2.97 ,  44.62 ,  1 ,  0 ,  1 ,  0 
 3 ,  516 ,  0.001 ,  0.00414 ,  0.00414 ,  0 ,  0 ,  0 ,  0 ,  100 ,  1 ,  0 ,  1 ,  0 
 4 ,  528 ,  1.16140391700076 ,  0.73832 ,  0.722858 ,  0.015462 ,  55.41 ,  7.09 ,  2.93 ,  44.59 ,  0 ,  1 ,  1 ,  0 
 4 ,  516 ,  2.01292869512591 ,  4.580304 ,  4.414413 ,  0.165891 ,  55.55 ,  6.79 ,  2.87 ,  44.45 ,  0 ,  1 ,  1 ,  0 
 4 ,  504 ,  3.22690359798538 ,  7.270263 ,  6.84988 ,  0.420383 ,  55.79 ,  6.8 ,  2.87 ,  44.21 ,  0 ,  1 ,  1 ,  0 
 4 ,  492 ,  7.11083256686951 ,  6.689596 ,  5.857221 ,  0.832375 ,  57.14 ,  5.35 ,  2.67 ,  42.86 ,  0 ,  1 ,  1 ,  0 
 4 ,  480 ,  10.1396268316536 ,  5.902044 ,  4.868026 ,  1.034018 ,  57.87 ,  4.68 ,  2.53 ,  42.13 ,  0 ,  1 ,  1 ,  0 
 4 ,  468 ,  12.662177967446 ,  5.188123 ,  4.056746 ,  1.131377 ,  58.06 ,  4.77 ,  2.41 ,  41.94 ,  0 ,  1 ,  1 ,  0 
 4 ,  456 ,  14.3075196375661 ,  4.536993 ,  3.419998 ,  1.116995 ,  58.11 ,  4.95 ,  2.29 ,  41.89 ,  0 ,  1 ,  1 ,  0 
 4 ,  444 ,  16.1874052584269 ,  3.899265 ,  2.810135 ,  1.08913 ,  57.95 ,  5.46 ,  2.29 ,  42.05 ,  0 ,  1 ,  1 ,  0 
 4 ,  432 ,  17.1163133870281 ,  3.282379 ,  2.308065 ,  0.974314 ,  57.66 ,  5.75 ,  2.35 ,  42.34 ,  0 ,  1 ,  1 ,  0 
 4 ,  420 ,  16.5854639830943 ,  2.632958 ,  1.871294 ,  0.761664 ,  57.33 ,  6.01 ,  2.4 ,  42.67 ,  0 ,  1 ,  1 ,  0 
 4 ,  408 ,  16.4751112251206 ,  1.858519 ,  1.324742 ,  0.533777 ,  57.36 ,  5.96 ,  2.53 ,  42.64 ,  0 ,  1 ,  1 ,  0 
 4 ,  396 ,  16.5500821505871 ,  0.939762 ,  0.672588 ,  0.267174 ,  58.21 ,  5.43 ,  2.03 ,  41.79 ,  0 ,  1 ,  1 ,  0 
 4 ,  384 ,  21.3701202272709 ,  0.487876 ,  0.30859 ,  0.179286 ,  58.15 ,  5.85 ,  2.16 ,  41.85 ,  0 ,  1 ,  1 ,  0 
 4 ,  372 ,  23.703825740117 ,  0.16923 ,  0.099226 ,  0.070004 ,  57.3 ,  6.88 ,  2.29 ,  42.7 ,  0 ,  1 ,  1 ,  0 
 4 ,  360 ,  36.0091901094447 ,  0.069076 ,  0.02611 ,  0.042966 ,  57.89 ,  5.36 ,  2.19 ,  42.11 ,  0 ,  1 ,  1 ,  0 
 5 ,  540 ,  0.001 ,  0.024706 ,  0.024706 ,  0 ,  0 ,  0 ,  0 ,  100 ,  1 ,  0 ,  1 ,  0 
 5 ,  528 ,  1.93565213162151E-02 ,  0.966377 ,  0.96606 ,  0.000317 ,  55.96 ,  5.86 ,  3.12 ,  44.04 ,  1 ,  0 ,  1 ,  0 
 5 ,  516 ,  5.74480382464476E-02 ,  1.897588 ,  1.89568 ,  0.001908 ,  56.14 ,  5.87 ,  2.79 ,  43.86 ,  1 ,  0 ,  1 ,  0 
 5 ,  504 ,  2.33166463463431E-02 ,  0.849724 ,  0.849387 ,  0.000337 ,  56.27 ,  5.67 ,  2.48 ,  43.73 ,  1 ,  0 ,  1 ,  0 
 5 ,  492 ,  5.84684320706162E-02 ,  0.149994 ,  0.149842 ,  0.000152 ,  56.71 ,  6.4 ,  2.04 ,  43.29 ,  1 ,  0 ,  1 ,  0 
 6 ,  528 ,  0.223536571509729 ,  0.014082 ,  0.014026 ,  0.000056 ,  55.96 ,  5.85 ,  3.12 ,  44.04 ,  0 ,  1 ,  1 ,  0 
 6 ,  516 ,  1.75729922007929 ,  0.463124 ,  0.44862 ,  0.014504 ,  56.08 ,  5.95 ,  2.93 ,  43.92 ,  0 ,  1 ,  1 ,  0 
 6 ,  504 ,  2.75337817791549 ,  2.616377 ,  2.487829 ,  0.128548 ,  56.02 ,  6.27 ,  2.61 ,  43.98 ,  0 ,  1 ,  1 ,  0 
 6 ,  492 ,  4.11490358524741 ,  5.795918 ,  5.371952 ,  0.423966 ,  56.24 ,  6.36 ,  2.48 ,  43.76 ,  0 ,  1 ,  1 ,  0 
 6 ,  480 ,  4.63506139850037 ,  7.662565 ,  7.031634 ,  0.630931 ,  56.28 ,  6.39 ,  2.55 ,  43.72 ,  0 ,  1 ,  1 ,  0 
 6 ,  468 ,  6.8989522563847 ,  6.307147 ,  5.538211 ,  0.768936 ,  56.58 ,  5.93 ,  2.65 ,  43.42 ,  0 ,  1 ,  1 ,  0 
 6 ,  456 ,  9.03720645022112 ,  5.247386 ,  4.408008 ,  0.839378 ,  56.49 ,  6.05 ,  2.73 ,  43.51 ,  0 ,  1 ,  1 ,  0 
 6 ,  444 ,  13.1933331254116 ,  4.304505 ,  3.309996 ,  0.994509 ,  57.1 ,  5.61 ,  2.49 ,  42.9 ,  0 ,  1 ,  1 ,  0 
 6 ,  432 ,  16.7969698621271 ,  3.497858 ,  2.485103 ,  1.012755 ,  58.01 ,  4.56 ,  2.12 ,  41.99 ,  0 ,  1 ,  1 ,  0 
 6 ,  420 ,  19.2028144076317 ,  2.727138 ,  1.825209 ,  0.901929 ,  58.06 ,  4.66 ,  2.16 ,  41.94 ,  0 ,  1 ,  1 ,  0 
 6 ,  408 ,  23.2834355537375 ,  2.053455 ,  1.224725 ,  0.82873 ,  57.69 ,  5.08 ,  2.24 ,  42.31 ,  0 ,  1 ,  1 ,  0 
 6 ,  396 ,  26.4977445240612 ,  1.561787 ,  0.839205 ,  0.722582 ,  57.27 ,  5.59 ,  2.14 ,  42.73 ,  0 ,  1 ,  1 ,  0 
 6 ,  384 ,  29.5250456531776 ,  1.024507 ,  0.497178 ,  0.527329 ,  57.36 ,  5.71 ,  1.94 ,  42.64 ,  0 ,  1 ,  1 ,  0 
 6 ,  372 ,  32.8983509069951 ,  0.527456 ,  0.222448 ,  0.305008 ,  56.89 ,  5.93 ,  2 ,  43.11 ,  0 ,  1 ,  1 ,  0 
 6 ,  360 ,  38.4973953678363 ,  0.146886 ,  0.047735 ,  0.099151 ,  57.03 ,  5.6 ,  2.31 ,  42.97 ,  0 ,  1 ,  1 ,  0 
 7 ,  540 ,  1000 ,  0.034183 ,  0.034183 ,  0 ,  0 ,  0 ,  0 ,  100 ,  1 ,  0 ,  0 ,  1 
 7 ,  528 ,  1000 ,  0.160129 ,  0.160129 ,  0 ,  0 ,  0 ,  0 ,  100 ,  1 ,  0 ,  0 ,  1 
 7 ,  516 ,  1000 ,  0.011435 ,  0.011435 ,  0 ,  0 ,  0 ,  0 ,  100 ,  1 ,  0 ,  0 ,  1 
 7 ,  504 ,  1000 ,  0.000956 ,  0.000956 ,  0 ,  0 ,  0 ,  0 ,  100 ,  1 ,  0 ,  0 ,  1 
 8 ,  540 ,  22.9285317257053 ,  0.623942 ,  0.400942 ,  0.223 ,  64.15 ,  2.87 ,  2.53 ,  35.85 ,  0 ,  1 ,  0 ,  1 
 8 ,  528 ,  13.4762391047544 ,  2.708039 ,  2.142192 ,  0.565847 ,  64.49 ,  2.8 ,  2.49 ,  35.51 ,  0 ,  1 ,  0 ,  1 
 8 ,  516 ,  5.42852031845639 ,  7.561475 ,  6.924207 ,  0.637268 ,  64.4 ,  2.83 ,  2.48 ,  35.6 ,  0 ,  1 ,  0 ,  1 
 8 ,  504 ,  3.49133642931199 ,  12.670953 ,  11.983682 ,  0.687271 ,  64.35 ,  2.9 ,  2.43 ,  35.65 ,  0 ,  1 ,  0 ,  1 
 8 ,  492 ,  3.73615824487948 ,  12.077484 ,  11.378842 ,  0.698642 ,  64.57 ,  2.78 ,  2.34 ,  35.43 ,  0 ,  1 ,  0 ,  1 
 8 ,  480 ,  4.23812977196772 ,  10.518774 ,  9.827132 ,  0.691642 ,  64.44 ,  2.89 ,  2.2 ,  35.56 ,  0 ,  1 ,  0 ,  1 
 8 ,  468 ,  4.87570504254273 ,  9.040558 ,  8.357619 ,  0.682939 ,  64.53 ,  2.76 ,  2.04 ,  35.47 ,  0 ,  1 ,  0 ,  1 
 8 ,  456 ,  5.44471359186047 ,  7.68791 ,  7.040466 ,  0.647444 ,  64.64 ,  2.43 ,  1.91 ,  35.36 ,  0 ,  1 ,  0 ,  1 
 8 ,  444 ,  6.17062731794237 ,  6.525777 ,  5.898942 ,  0.626835 ,  64.23 ,  2.54 ,  1.94 ,  35.77 ,  0 ,  1 ,  0 ,  1 
 8 ,  432 ,  7.16282049537551 ,  5.608836 ,  4.981482 ,  0.627354 ,  64.03 ,  2.69 ,  1.97 ,  35.97 ,  0 ,  1 ,  0 ,  1 
 8 ,  420 ,  8.39506392831573 ,  4.848149 ,  4.215541 ,  0.632608 ,  64.33 ,  2.79 ,  1.9 ,  35.67 ,  0 ,  1 ,  0 ,  1 
 8 ,  408 ,  9.94934670783034 ,  4.149938 ,  3.511444 ,  0.638494 ,  64.66 ,  2.77 ,  1.74 ,  35.34 ,  0 ,  1 ,  0 ,  1 
 8 ,  396 ,  11.5800588221385 ,  3.552591 ,  2.919345 ,  0.633246 ,  64.96 ,  2.53 ,  1.66 ,  35.04 ,  0 ,  1 ,  0 ,  1 
 8 ,  384 ,  13.3662745564068 ,  2.949831 ,  2.342634 ,  0.607197 ,  64.93 ,  2.41 ,  1.56 ,  35.07 ,  0 ,  1 ,  0 ,  1 
 8 ,  372 ,  14.7937716399101 ,  2.387637 ,  1.843167 ,  0.54447 ,  64.87 ,  2.36 ,  1.44 ,  35.13 ,  0 ,  1 ,  0 ,  1 
 8 ,  360 ,  16.1876398049159 ,  1.85766 ,  1.394343 ,  0.463317 ,  64.9 ,  2.22 ,  1.46 ,  35.1 ,  0 ,  1 ,  0 ,  1 
 8 ,  348 ,  20.4696312189561 ,  1.031604 ,  0.707448 ,  0.324156 ,  65.14 ,  2.05 ,  1.46 ,  34.86 ,  0 ,  1 ,  0 ,  1 
 8 ,  336 ,  24.5634123452834 ,  0.393219 ,  0.246457 ,  0.146762 ,  65.81 ,  1.94 ,  1.47 ,  34.19 ,  0 ,  1 ,  0 ,  1 
 8 ,  324 ,  25.1698012646 ,  0.11387 ,  0.070525 ,  0.043345 ,  66.12 ,  1.87 ,  1.45 ,  33.88 ,  0 ,  1 ,  0 ,  1 
 9 ,  552 ,  1000 ,  0.073209 ,  0.073209 ,  0 ,  0 ,  0 ,  0 ,  100 ,  1 ,  0 ,  0 ,  1 
 9 ,  540 ,  1000 ,  0.117912 ,  0.117912 ,  0 ,  0 ,  0 ,  0 ,  100 ,  1 ,  0 ,  0 ,  1 
 9 ,  528 ,  1000 ,  0.028508 ,  0.028508 ,  0 ,  0 ,  0 ,  0 ,  100 ,  1 ,  0 ,  0 ,  1 
 9 ,  516 ,  1000 ,  0.001029 ,  0.001029 ,  0 ,  0 ,  0 ,  0 ,  100 ,  1 ,  0 ,  0 ,  1 
 10 ,  552 ,  21.7798672441607 ,  0.073767 ,  0.047365 ,  0.026402 ,  60.85 ,  2.91 ,  2.4 ,  39.15 ,  0 ,  1 ,  0 ,  1 
 10 ,  540 ,  13.5078837142635 ,  1.297657 ,  1.011029 ,  0.286628 ,  61.15 ,  3.07 ,  2.61 ,  38.85 ,  0 ,  1 ,  0 ,  1 
 10 ,  528 ,  6.8764449440158 ,  5.411973 ,  4.803971 ,  0.608002 ,  61.2 ,  3.3 ,  2.57 ,  38.8 ,  0 ,  1 ,  0 ,  1 
 10 ,  516 ,  4.09958649160887 ,  11.879505 ,  11.080798 ,  0.798707 ,  60.96 ,  3.43 ,  2.48 ,  39.04 ,  0 ,  1 ,  0 ,  1 
 10 ,  504 ,  4.4316033038254 ,  12.200221 ,  11.3151 ,  0.885121 ,  61.07 ,  3.34 ,  2.39 ,  38.93 ,  0 ,  1 ,  0 ,  1 
 10 ,  492 ,  5.22660464852063 ,  10.861434 ,  9.932809 ,  0.928625 ,  61.12 ,  3.31 ,  2.31 ,  38.88 ,  0 ,  1 ,  0 ,  1 
 10 ,  480 ,  6.11361521805544 ,  9.715144 ,  8.744326 ,  0.970818 ,  61.17 ,  3.31 ,  2.33 ,  38.83 ,  0 ,  1 ,  0 ,  1 
 10 ,  468 ,  7.23133817048279 ,  8.605068 ,  7.588109 ,  1.016959 ,  61.18 ,  3.31 ,  2.31 ,  38.82 ,  0 ,  1 ,  0 ,  1 
 10 ,  456 ,  8.13702196719526 ,  7.675354 ,  6.656479 ,  1.018875 ,  61.29 ,  3.46 ,  2.24 ,  38.71 ,  0 ,  1 ,  0 ,  1 
 10 ,  444 ,  10.0336033144565 ,  6.711568 ,  5.722665 ,  0.988903 ,  61.31 ,  3.65 ,  2.25 ,  38.69 ,  0 ,  1 ,  0 ,  1 
 10 ,  432 ,  11.0759327175753 ,  5.854248 ,  4.891352 ,  0.962896 ,  61.26 ,  3.74 ,  2.22 ,  38.74 ,  0 ,  1 ,  0 ,  1 
 10 ,  420 ,  12.3551252008846 ,  5.023407 ,  4.094545 ,  0.928862 ,  61.41 ,  3.66 ,  2.17 ,  38.59 ,  0 ,  1 ,  0 ,  1 
 10 ,  408 ,  14.2180450002569 ,  4.145443 ,  3.255775 ,  0.889668 ,  61.59 ,  3.41 ,  2.08 ,  38.41 ,  0 ,  1 ,  0 ,  1 
 10 ,  396 ,  16.3829228400693 ,  3.436719 ,  2.578492 ,  0.858227 ,  61.6 ,  3.4 ,  2.02 ,  38.4 ,  0 ,  1 ,  0 ,  1 
 10 ,  384 ,  18.6774591692909 ,  2.720134 ,  1.940292 ,  0.779842 ,  61.66 ,  3.31 ,  1.92 ,  38.34 ,  0 ,  1 ,  0 ,  1 
 10 ,  372 ,  20.7068570763399 ,  1.967267 ,  1.342772 ,  0.624495 ,  62.08 ,  3.31 ,  1.89 ,  37.92 ,  0 ,  1 ,  0 ,  1 
 10 ,  360 ,  21.9325975818266 ,  1.094876 ,  0.725757 ,  0.369119 ,  62.09 ,  3.51 ,  1.81 ,  37.91 ,  0 ,  1 ,  0 ,  1 
 10 ,  348 ,  28.7197245990314 ,  0.582714 ,  0.322774 ,  0.25994 ,  62.14 ,  3.92 ,  1.75 ,  37.86 ,  0 ,  1 ,  0 ,  1 
 10 ,  336 ,  39.0611257298867 ,  0.303643 ,  0.119907 ,  0.183736 ,  62.9 ,  4.16 ,  1.57 ,  37.1 ,  0 ,  1 ,  0 ,  1 
 10 ,  324 ,  46.0837003916522 ,  0.090131 ,  0.025375 ,  0.064756 ,  62.75 ,  4.62 ,  1.39 ,  37.25 ,  0 ,  1 ,  0 ,  1 
 11 ,  528 ,  1 ,  0.001931 ,  0.001931 ,  0 ,  0 ,  0 ,  0 ,  100 ,  1 ,  0 ,  0 ,  1 
 11 ,  516 ,  1 ,  0.007188 ,  0.007188 ,  0 ,  0 ,  0 ,  0 ,  100 ,  1 ,  0 ,  0 ,  1 
 12 ,  528 ,  6.1660195903829 ,  0.014599 ,  0.013286 ,  0.001313 ,  57.44 ,  5.8 ,  2.46 ,  42.56 ,  0 ,  1 ,  0 ,  1 
 12 ,  516 ,  7.10533197822327 ,  2.035751 ,  1.829153 ,  0.206598 ,  60.16 ,  5.54 ,  2.35 ,  39.84 ,  0 ,  1 ,  0 ,  1 
 12 ,  504 ,  6.38384885555484 ,  3.287663 ,  2.994709 ,  0.292954 ,  60.42 ,  5.45 ,  2.33 ,  39.58 ,  0 ,  1 ,  0 ,  1 
 12 ,  492 ,  8.22144015412194 ,  2.91198 ,  2.565258 ,  0.346722 ,  60.65 ,  5.48 ,  2.29 ,  39.35 ,  0 ,  1 ,  0 ,  1 
 12 ,  480 ,  10.0902897694993 ,  2.597996 ,  2.20963 ,  0.388366 ,  60.81 ,  5.68 ,  2.2 ,  39.19 ,  0 ,  1 ,  0 ,  1 
 12 ,  468 ,  12.0200590993969 ,  2.308653 ,  1.889863 ,  0.41879 ,  60.75 ,  6.01 ,  2.07 ,  39.25 ,  0 ,  1 ,  0 ,  1 
 12 ,  456 ,  14.4397235231596 ,  1.984253 ,  1.541854 ,  0.442399 ,  60.28 ,  6.4 ,  1.89 ,  39.72 ,  0 ,  1 ,  0 ,  1 
 12 ,  444 ,  17.0777605876676 ,  1.588381 ,  1.160185 ,  0.428196 ,  59.64 ,  6.74 ,  1.83 ,  40.36 ,  0 ,  1 ,  0 ,  1 
 12 ,  432 ,  17.3907042823714 ,  1.269647 ,  0.913731 ,  0.355916 ,  58.47 ,  6.86 ,  1.75 ,  41.53 ,  0 ,  1 ,  0 ,  1 
 12 ,  420 ,  16.1882227216607 ,  0.924149 ,  0.679531 ,  0.244618 ,  57.38 ,  7.01 ,  1.71 ,  42.62 ,  0 ,  1 ,  0 ,  1 
 12 ,  408 ,  13.9244873531678 ,  0.520407 ,  0.403616 ,  0.116791 ,  57.59 ,  6.51 ,  1.71 ,  42.41 ,  0 ,  1 ,  0 ,  1 
 12 ,  396 ,  18.4787090885581 ,  0.262946 ,  0.183058 ,  0.079888 ,  57.53 ,  6.55 ,  1.66 ,  42.47 ,  0 ,  1 ,  0 ,  1 
 12 ,  384 ,  28.9362047155244 ,  0.067352 ,  0.035238 ,  0.032114 ,  58.59 ,  6.33 ,  1.43 ,  41.41 ,  0 ,  1 ,  0 ,  1 
 13 ,  576 ,  1 ,  0.002694 ,  0.002694 ,  0 ,  0 ,  0 ,  0 ,  100 ,  1 ,  0 ,  0 ,  1 
 13 ,  564 ,  1 ,  0.068295 ,  0.068295 ,  0 ,  0 ,  0 ,  0 ,  100 ,  1 ,  0 ,  0 ,  1 
 13 ,  552 ,  1 ,  0.019197 ,  0.019197 ,  0 ,  0 ,  0 ,  0 ,  100 ,  1 ,  0 ,  0 ,  1 
 13 ,  540 ,  1 ,  0.006507 ,  0.006507 ,  0 ,  0 ,  0 ,  0 ,  100 ,  1 ,  0 ,  0 ,  1 
 14 ,  576 ,  1 ,  0.000192 ,  0.000192 ,  0 ,  0 ,  0 ,  0 ,  100 ,  0 ,  1 ,  0 ,  1 
 14 ,  564 ,  1.14074841106977 ,  0.190537 ,  0.190083 ,  0.000454 ,  59.07 ,  5.95 ,  2.13 ,  40.93 ,  0 ,  1 ,  0 ,  1 
 14 ,  552 ,  4.42537409937911 ,  0.821239 ,  0.773398 ,  0.047841 ,  58.8 ,  6.33 ,  2.08 ,  41.2 ,  0 ,  1 ,  0 ,  1 
 14 ,  540 ,  5.37867276869505 ,  1.61968 ,  1.499333 ,  0.120347 ,  58.93 ,  5.68 ,  2.3 ,  41.07 ,  0 ,  1 ,  0 ,  1 
 14 ,  528 ,  5.51408385265413 ,  3.299502 ,  3.046457 ,  0.253045 ,  58.86 ,  5.74 ,  2.2 ,  41.14 ,  0 ,  1 ,  0 ,  1 
 14 ,  516 ,  4.62063315526469 ,  4.916456 ,  4.61526 ,  0.301196 ,  59.1 ,  5.67 ,  2.04 ,  40.9 ,  0 ,  1 ,  0 ,  1 
 14 ,  504 ,  4.17801640087971 ,  4.809742 ,  4.550491 ,  0.259251 ,  58.96 ,  5.93 ,  1.98 ,  41.04 ,  0 ,  1 ,  0 ,  1 
 14 ,  492 ,  4.12037366234147 ,  4.053071 ,  3.837471 ,  0.2156 ,  58.66 ,  6.06 ,  2 ,  41.34 ,  0 ,  1 ,  0 ,  1 
 14 ,  480 ,  5.16590203087497 ,  3.298529 ,  3.063111 ,  0.235418 ,  58.37 ,  5.88 ,  2.02 ,  41.63 ,  0 ,  1 ,  0 ,  1 
 14 ,  468 ,  6.68563032455686 ,  2.602564 ,  2.349187 ,  0.253377 ,  58.4 ,  5.62 ,  2 ,  41.6 ,  0 ,  1 ,  0 ,  1 
 14 ,  456 ,  8.96875750126976 ,  2.014159 ,  1.742855 ,  0.271304 ,  59.16 ,  4.88 ,  1.77 ,  40.84 ,  0 ,  1 ,  0 ,  1 
 14 ,  444 ,  12.9719319225931 ,  1.557433 ,  1.2438 ,  0.313633 ,  59.45 ,  4.93 ,  1.58 ,  40.55 ,  0 ,  1 ,  0 ,  1 
 14 ,  432 ,  18.1305505112093 ,  1.158723 ,  0.825229 ,  0.333494 ,  59.52 ,  5.06 ,  1.51 ,  40.48 ,  0 ,  1 ,  0 ,  1 
 14 ,  420 ,  24.5649853431922 ,  0.798605 ,  0.482211 ,  0.316394 ,  59.48 ,  5.11 ,  1.41 ,  40.52 ,  0 ,  1 ,  0 ,  1 
 14 ,  408 ,  33.2862230023045 ,  0.298544 ,  0.137816 ,  0.160728 ,  59.97 ,  4.56 ,  1.33 ,  40.03 ,  0 ,  1 ,  0 ,  1 
 15 ,  576 ,  1 ,  0.088616 ,  0.088616 ,  0 ,  0 ,  0 ,  0 ,  100 ,  1 ,  0 ,  0 ,  1 
 15 ,  564 ,  1 ,  0.018446 ,  0.018446 ,  0 ,  0 ,  0 ,  0 ,  100 ,  1 ,  0 ,  0 ,  1 
 15 ,  552 ,  1 ,  0.003292 ,  0.003292 ,  0 ,  0 ,  0 ,  0 ,  100 ,  1 ,  0 ,  0 ,  1 
 16 ,  576 ,  1.2909919924025 ,  0.046331 ,  0.046096 ,  0.000235 ,  57.37 ,  7.44 ,  2.38 ,  42.63 ,  0 ,  1 ,  0 ,  1 
 16 ,  564 ,  6.30080537866054 ,  0.633615 ,  0.575325 ,  0.05829 ,  57.62 ,  7.57 ,  2.38 ,  42.38 ,  0 ,  1 ,  0 ,  1 
 16 ,  552 ,  4.39038256630207 ,  1.262291 ,  1.188146 ,  0.074145 ,  57.72 ,  7.58 ,  2.31 ,  42.28 ,  0 ,  1 ,  0 ,  1 
 16 ,  540 ,  4.0410342271212 ,  1.414989 ,  1.340722 ,  0.074267 ,  57.94 ,  7.44 ,  2.25 ,  42.06 ,  0 ,  1 ,  0 ,  1 
 16 ,  528 ,  4.92929661107422 ,  1.105306 ,  1.03058 ,  0.074726 ,  58.12 ,  7.25 ,  2.24 ,  41.88 ,  0 ,  1 ,  0 ,  1 
 16 ,  516 ,  6.30365948539693 ,  0.712316 ,  0.647593 ,  0.064723 ,  58.37 ,  7.08 ,  2.15 ,  41.63 ,  0 ,  1 ,  0 ,  1 
 16 ,  504 ,  7.84281958230071 ,  0.401485 ,  0.354232 ,  0.047253 ,  58.14 ,  7.26 ,  2.2 ,  41.86 ,  0 ,  1 ,  0 ,  1 
 16 ,  492 ,  8.15555816322721 ,  0.187481 ,  0.164541 ,  0.02294 ,  58.48 ,  6.46 ,  2.24 ,  41.52 ,  0 ,  1 ,  0 ,  1 
 16 ,  480 ,  11.4694766681204 ,  0.064204 ,  0.052696 ,  0.011508 ,  58.41 ,  6.79 ,  2.16 ,  41.59 ,  0 ,  1 ,  0 ,  1 
 17 ,  564 ,  1 ,  0.001164 ,  0.001164 ,  0 ,  0 ,  0 ,  0 ,  100 ,  1 ,  0 ,  0 ,  1 
 17 ,  552 ,  1 ,  0.085955 ,  0.085955 ,  0 ,  0 ,  0 ,  0 ,  100 ,  1 ,  0 ,  0 ,  1 
 17 ,  540 ,  1 ,  0.006406 ,  0.006406 ,  0 ,  0 ,  0 ,  0 ,  100 ,  1 ,  0 ,  0 ,  1 
 17 ,  528 ,  1 ,  0.000539 ,  0.000539 ,  0 ,  0 ,  0 ,  0 ,  100 ,  1 ,  0 ,  0 ,  1 
 18 ,  540 ,  3.493317555339 ,  0.596189 ,  0.570604 ,  0.025585 ,  58.1 ,  7 ,  2.52 ,  41.9 ,  0 ,  1 ,  0 ,  1 
 18 ,  528 ,  5.34229141382722 ,  1.764954 ,  1.634814 ,  0.13014 ,  58.89 ,  6.77 ,  2.25 ,  41.11 ,  0 ,  1 ,  0 ,  1 
 18 ,  516 ,  5.91239906011109 ,  1.894692 ,  1.737471 ,  0.157221 ,  59.2 ,  6.79 ,  2.07 ,  40.8 ,  0 ,  1 ,  0 ,  1 
 18 ,  504 ,  8.19100039038699 ,  1.370435 ,  1.207438 ,  0.162997 ,  60.46 ,  5.31 ,  2.03 ,  39.54 ,  0 ,  1 ,  0 ,  1 
 18 ,  492 ,  11.6731305976324 ,  0.912551 ,  0.754026 ,  0.158525 ,  61.44 ,  4.21 ,  2.06 ,  38.56 ,  0 ,  1 ,  0 ,  1 
 18 ,  480 ,  17.7752957527898 ,  0.524509 ,  0.379792 ,  0.144717 ,  60.8 ,  4.49 ,  2.13 ,  39.2 ,  0 ,  1 ,  0 ,  1 
 18 ,  468 ,  32.1278976986393 ,  0.214308 ,  0.104498 ,  0.10981 ,  60.75 ,  4.59 ,  2.23 ,  39.25 ,  0 ,  1 ,  0 ,  1 
 18 ,  456 ,  41.8186757716658 ,  0.058283 ,  0.019359 ,  0.038924 ,  61.12 ,  4.51 ,  2.29 ,  38.88 ,  0 ,  1 ,  0 ,  1 
 19 ,  564 ,  1 ,  0.000109 ,  0.000109 ,  0 ,  0 ,  0 ,  0 ,  100 ,  1 ,  0 ,  0 ,  1 
 19 ,  552 ,  1 ,  0.034719 ,  0.034719 ,  0 ,  0 ,  0 ,  0 ,  100 ,  1 ,  0 ,  0 ,  1 
 19 ,  540 ,  1 ,  0.020723 ,  0.020723 ,  0 ,  0 ,  0 ,  0 ,  100 ,  1 ,  0 ,  0 ,  1 
 19 ,  528 ,  1 ,  0.007968 ,  0.007968 ,  0 ,  0 ,  0 ,  0 ,  100 ,  1 ,  0 ,  0 ,  1 
 20 ,  552 ,  1.80675602649007 ,  0.056625 ,  0.055833 ,  0.000792 ,  57.68 ,  7.85 ,  2.75 ,  42.32 ,  0 ,  1 ,  0 ,  1 
 20 ,  540 ,  5.8219574153317 ,  0.949027 ,  0.869621 ,  0.079406 ,  57.63 ,  5.77 ,  2.63 ,  42.37 ,  0 ,  1 ,  0 ,  1 
 20 ,  528 ,  5.86836027267232 ,  2.726496 ,  2.497523 ,  0.228973 ,  57.97 ,  5.91 ,  2.65 ,  42.03 ,  0 ,  1 ,  0 ,  1 
 20 ,  516 ,  6.20940295572917 ,  3.901034 ,  3.553589 ,  0.347445 ,  58.49 ,  5.61 ,  2.59 ,  41.51 ,  0 ,  1 ,  0 ,  1 
 20 ,  504 ,  7.99600680829241 ,  2.854754 ,  2.513296 ,  0.341458 ,  58.49 ,  5.74 ,  2.61 ,  41.51 ,  0 ,  1 ,  0 ,  1 
 20 ,  492 ,  10.0739630260029 ,  2.001082 ,  1.69117 ,  0.309912 ,  58.59 ,  5.78 ,  2.43 ,  41.41 ,  0 ,  1 ,  0 ,  1 
 20 ,  480 ,  13.575664877098 ,  1.283177 ,  1.009254 ,  0.273923 ,  58.91 ,  5.66 ,  2.2 ,  41.09 ,  0 ,  1 ,  0 ,  1 
 20 ,  468 ,  21.7523073306625 ,  0.599823 ,  0.389451 ,  0.210372 ,  59.17 ,  5.22 ,  2.1 ,  40.83 ,  0 ,  1 ,  0 ,  1 
 20 ,  456 ,  37.807695708974 ,  0.208971 ,  0.078757 ,  0.130214 ,  59.07 ,  5.2 ,  2.23 ,  40.93 ,  0 ,  1 ,  0 ,  1 
 20 ,  444 ,  42.6463500420776 ,  0.046343 ,  0.013873 ,  0.03247 ,  59.44 ,  4.95 ,  2.28 ,  40.56 ,  0 ,  1 ,  0 ,  1 
